,prediction,load_time,pred_time,status
amazon/chronos-bolt-tiny,1637.7877197265625,1.995896577835083,0.06690454483032227,success
amazon/chronos-bolt-small,1644.0469970703125,1.68095064163208,0.2837827205657959,success
amazon/chronos-bolt-base,1651.793701171875,1.7762792110443115,1.2033555507659912,success
