Model,MASE_2016_2019,MASE_2020_2021,Performance_Change,Dir_Acc_2016_2019,Dir_Acc_2020_2021
Chronos,1.1074278620589781,1.4259,28.75782241462704,53.768844221105525,47.2362
Naive,1.002388915893375,0.9953,-0.7072021428985024,51.75879396984925,0.0
Moving_Average,3.1137299055017102,1.5314,-50.817827927395385,46.666666666666664,49.7487
