,Model,MASE,MAE,RMSE,MAPE,Directional_Accuracy,Bias,R_Squared,samples
Naive,Naive_2016_2019,1.002388915893375,8.2075003,11.675506482378317,0.6470490570752798,51.75879396984925,0.2534999999999991,0.9659415957940753,200
Moving_Average,Moving_Average_2016_2019,3.1137299055017102,25.475101938775502,31.52598215109333,2.0154309872238345,46.666666666666664,2.1493877551020186,0.7539236589102467,196
Seasonal_Naive,Seasonal_Naive_2016_2019,2.6973817468129972,22.08599990000001,27.4784882297054,1.739777884321757,52.26130653266332,1.3739999999999974,0.8113492621479363,200
Chronos,Chronos_2016_2019,1.1074278620589781,9.067552888867189,12.468894598789028,0.7146768019349719,53.768844221105525,0.2258739455078046,0.9611555707715194,200
