,MASE,MAE,RMSE,Directional_Accuracy,samples
30,0.9935790321138297,19.987998999999995,27.440280488727694,0.0,100.0
63,1.017475434904141,17.256998999999997,23.05708336498896,0.0,100.0
126,0.9905238095238096,17.01900000000001,23.653551530372784,0.0,100.0
252,0.999817532725109,12.730000000000002,18.169644393879864,0.0,100.0
