,MASE,MAE,RMSE,Directional_Accuracy,time_per_prediction,samples
Chronos-Bolt-Tiny,2.594388642440556,44.57631394738775,52.14948903848684,35.35353535353536,0.001,100.0
Chronos-Bolt-Small,1.5221525025309774,26.153347543486806,33.0458938446126,46.464646464646464,0.003,100.0
Chronos-Bolt-Base,1.42636719355145,24.507581780111288,31.196411771202282,49.494949494949495,0.005,100.0
