{
  "actual_returns": [
    -0.015708427833667344,
    0.008022838838869633,
    0.005769722300446338,
    -0.019866187477281746,
    0.0045725836655799955,
    0.0007785996722791342,
    0.01089220953049151
  ],
  "predicted_returns": [
    0.0012466798070818186,
    0.0010797225404530764,
    0.0014143767766654491,
    0.0013990681618452072,
    0.0013425586512312293,
    0.0010825414210557938,
    0.0012006382457911968
  ],
  "actual_prices": [
    1800.1,
    1814.6,
    1825.1,
    1789.2,
    1797.4,
    1798.8,
    1818.5
  ],
  "predicted_prices": [
    1830.8810066223143,
    1832.8588608362686,
    1835.4530377550982,
    1838.0228796082918,
    1840.4920234555552,
    1842.485525896618,
    1844.699071830578
  ],
  "configuration": {
    "model": "chronos_bolt_small",
    "context_window": 63,
    "horizon": 7,
    "model_type": "Real_Chronos"
  }
}